/js/jquery3.5.min.js-191,20,8734,5253,18813,28548,30252,2030,30252,0.000%,.61538,20.45,0.26
/css/lib-3b502e9f21.css-192,20,8136,5825,18369,23065,26251,437,26251,0.000%,.57763,28.06,0.25
/css/app-1a3af07598.css-193,20,1238,416,3300,4526,5346,406,5346,0.000%,.61248,2.57,0.27
/js/jquery.min.js-194,20,20952,4209,9286,30941,311057,831,311057,5.000%,.06201,1.97,0.02
/js/config.js-197,20,769,414,838,863,5900,394,5900,0.000%,.06125,0.04,0.03
/images/hpe-logo-white.png-198,20,837,412,1954,2254,2298,394,2298,0.000%,.06123,0.11,0.03
/css/content.css-190,20,23766,16368,29488,46623,129334,4204,129334,0.000%,.06052,10.64,0.03
/images/hpe-flag.png-202,20,1061,448,2480,3752,4021,401,4021,0.000%,.06392,0.06,0.03
/css/hpe_fonts/MetricWeb-Light.woff-203,20,5068,4582,9068,10137,11650,609,11650,0.000%,.06388,2.78,0.03
/css/hpe_fonts/MetricWeb-Semibold.woff-204,20,5359,4451,9154,9463,10221,614,10221,0.000%,.06489,2.94,0.03
/images/landingPage.jpg-201,20,13500,9054,30421,35916,35969,926,35969,0.000%,.06511,7.48,0.03
/workload-205,20,2739,1224,4297,8518,19522,329,19522,0.000%,.06593,0.77,0.04
/css/lib-3b502e9f21.css-207,20,5382,3402,6252,6479,35035,774,35035,0.000%,.06595,3.14,0.03
/css/app-1a3af07598.css-208,20,1394,423,3863,3871,7848,331,7848,0.000%,.06660,0.27,0.03
/js/workload.js-209,20,740,409,1800,2079,2628,373,2628,0.000%,.06662,0.20,0.03
/css/content.css-206,20,17806,16915,28702,32223,35369,1587,35369,0.000%,.06636,11.38,0.03
/images/hpe-logo-white.png-213,20,1187,415,3111,3144,4174,399,4174,0.000%,.06918,0.13,0.03
/js/jquery.min.js-212,20,9765,2328,13089,16106,113029,944,113029,0.000%,.06906,2.26,0.03
/js/config.js-214,20,952,419,2082,3253,4153,394,4153,0.000%,.06924,0.04,0.03
/images/hpe-flag.png-219,20,939,418,1192,1520,6435,394,6435,0.000%,.06934,0.07,0.03
/api/workload_api.php-218,20,608,459,863,1228,2179,440,2179,0.000%,.06943,0.07,0.04
/css/fonts/hpe-icons.woff-215,20,3401,2790,6668,6758,7719,747,7719,0.000%,.06937,2.32,0.03
/css/hpe_fonts/MetricWeb-Light.woff-216,20,4450,3184,9049,9827,12523,609,12523,0.000%,.06963,3.03,0.03
/css/hpe_fonts/MetricWeb-Medium.woff-217,20,15315,3619,6782,47911,194928,489,194928,5.000%,.07037,2.72,0.03
/ssd-type-220,20,1811,802,3129,6118,11830,409,11830,0.000%,.07129,0.89,0.04
/js/ssd-type.js-222,20,465,406,536,652,1263,370,1263,0.000%,.07131,0.12,0.03
/css/hpe_fonts/HPESimpleWeb-Regular.woff-221,20,4365,1362,5561,11149,35456,330,35456,0.000%,.07133,1.20,0.04
/server-type-223,20,2876,838,6030,10017,21962,300,21962,0.000%,.07145,0.89,0.04
/css/lib-3b502e9f21.css-225,20,5170,4160,10601,11126,13585,405,13585,0.000%,.07146,3.40,0.03
/js/server-type.js-226,20,1436,562,2510,3764,8236,265,8236,0.000%,.07170,0.22,0.03
/css/content.css-224,20,18293,13591,39517,46660,57195,620,57195,0.000%,.07165,12.29,0.03
/images/hpe-logo-white.png-230,20,1648,488,4125,5789,6422,274,6422,0.000%,.07502,0.14,0.04
/css/app-1a3af07598.css-229,20,1051,436,2140,2273,4014,271,4014,0.000%,.07506,0.31,0.03
/js/jquery.min.js-231,20,10338,2982,8464,11038,133646,375,133646,5.000%,.07506,2.35,0.03
/js/config.js-232,20,931,411,1335,1699,6210,284,6210,0.000%,.07594,0.05,0.03
/api/server_model_api.php?sid=null-237,20,706,461,876,1677,3485,385,3485,0.000%,.07506,0.04,0.05
/css/hpe_fonts/MetricWeb-Medium.woff-235,20,3576,2915,5549,5808,9807,411,9807,0.000%,.07507,3.04,0.04
/api/server_type_api.php-238,20,564,454,891,893,1830,340,1830,0.000%,.07648,0.05,0.05
/images/hpe-flag.png-239,20,677,419,1301,1347,1807,277,1807,0.000%,.07653,0.07,0.04
/css/fonts/hpe-icons.woff-234,20,4528,2944,6997,16184,17467,346,17467,5.000%,.07655,2.45,0.04
/css/hpe_fonts/MetricWeb-Semibold.woff-233,20,4379,4075,8155,9240,11952,377,11952,0.000%,.07691,3.49,0.04
/css/hpe_fonts/MetricWeb-Regular.woff-236,20,4049,3367,7392,10718,12897,412,12897,0.000%,.07856,3.47,0.04
/api/server_model_api.php?sid=5-240,20,819,462,1491,2596,3312,356,3312,0.000%,.07971,0.04,0.05
/drive-capacity-241,20,1435,837,3171,3518,3938,346,3938,0.000%,.07968,0.92,0.05
/js/drive-capacity.js-244,20,757,424,2166,2193,2380,287,2380,0.000%,.07986,0.14,0.04
/css/noUiSlider/distribute/nouislider.min.js-243,20,2020,2154,4165,4505,5289,293,5289,0.000%,.07990,0.72,0.04
/css/noUiSlider/distribute/nouislider.min.css-242,20,1256,458,2213,2691,8651,313,8651,0.000%,.08063,0.13,0.04
/api/drive_capacity_api.php?server_id=1&model_name=BL460c%20Gen10&loadtype=[%22RI%22]-246,20,2850,476,1289,1461,44442,342,44442,5.000%,.08065,0.05,0.05
/images/hpe-flag.png-247,20,1056,420,2205,2226,5900,273,5900,0.000%,.08071,0.08,0.04
/css/hpe_fonts/MetricWeb-Light.woff-245,20,5751,4723,10208,12174,13492,568,13492,0.000%,.08122,3.54,0.04
/interface-type-250,20,3083,1287,9674,11215,12477,380,12477,0.000%,.08530,1.03,0.05
/css/lib-3b502e9f21.css-252,20,7298,4984,10422,13310,58870,374,58870,5.000%,.08872,4.03,0.04
/chrome-variations/seed-254,20,1110,745,1373,3045,4618,639,4618,0.000%,.09091,4.43,0.03
/css/content.css-251,20,13953,12871,29465,31805,56677,608,56677,5.000%,.09187,14.99,0.04
/js/interface-type.js-253,20,1721,461,3902,6134,8380,262,8380,0.000%,.09930,0.26,0.04
/images/hpe-logo-white.png-258,20,847,411,1667,3842,4366,267,4366,0.000%,.10007,0.18,0.05
/css/app-1a3af07598.css-257,20,1252,545,2833,3186,4562,276,4562,0.000%,.10014,0.41,0.05
/js/jquery.min.js-259,20,2104,2037,4231,4486,4612,341,4612,0.000%,.10019,3.28,0.04
/js/config.js-263,20,537,405,990,1059,1499,275,1499,0.000%,.10152,0.06,0.04
/css/hpe_fonts/MetricWeb-Medium.woff-264,20,3270,2062,6741,14106,14316,356,14316,0.000%,.10153,4.11,0.05
/images/hpe-flag.png-267,20,534,414,877,896,1703,284,1703,0.000%,.10302,0.10,0.05
/css/fonts/hpe-icons.woff-265,20,2815,2005,5276,6513,7704,309,7704,0.000%,.10330,3.46,0.05
/api/interface_type_api.php-266,20,1555,484,5035,5230,5938,344,5938,0.000%,.10436,0.07,0.06
/api/interface_api.php-268,20,681,472,931,1264,2897,327,2897,0.000%,.10304,0.05,0.07
/form-factor-269,20,1455,812,3075,4459,5058,288,5058,0.000%,.10311,1.14,0.06
/js/form-factor.js-270,20,584,413,1381,1391,2250,264,2250,0.000%,.10339,0.26,0.04
/api/form_factor_api.php-271,20,636,460,915,1376,2492,337,2492,0.000%,.10229,0.08,0.06
/api/form_factor_type_api.php-272,20,496,453,613,901,958,333,958,0.000%,.10234,0.05,0.07
/images/M.2-Enablement-Kit-for-MLDL-single.jpg-276,20,4650,2039,8747,16468,27003,298,27003,0.000%,.10242,2.97,0.05
/images/SFF%20SATA.jpg-277,20,3989,1629,10469,15165,17817,280,17817,5.000%,.10500,2.13,0.05
/images/PCIe%20NVMe%20Workload%20Accelerator%20HHHL.jpg-273,20,3176,1701,3524,6387,27342,318,27342,5.000%,.10571,2.96,0.05
/mainstream-278,20,1743,835,5236,6088,7248,292,7248,0.000%,.10647,1.24,0.06
/images/SSD%20SATA%20M.2%202280.JPG-275,20,3202,1495,3565,14509,21614,314,21614,5.000%,.11055,3.09,0.05
/css/lib-3b502e9f21.css-280,20,2690,2441,6355,6430,8426,317,8426,0.000%,.11151,5.31,0.05
/js/mainstream.js-282,20,531,409,927,1403,1746,273,1746,0.000%,.11399,0.15,0.05
/images/LFF%20SATA.jpg-274,20,3525,1218,3876,4557,39693,299,39693,5.000%,.11403,2.63,0.05
/css/content.css-279,20,13101,1999,45343,46284,47973,593,47973,15.000%,.11604,16.98,0.04
/images/hpe-logo-white.png-285,20,1317,415,5884,5891,5902,272,5902,0.000%,.12748,0.23,0.06
/css/app-1a3af07598.css-284,20,627,410,841,1934,3087,274,3087,0.000%,.12762,0.53,0.06
/js/jquery.min.js-286,20,1629,581,3838,5672,6824,310,6824,0.000%,.12768,4.18,0.06
/js/config.js-287,20,610,404,910,930,4003,273,4003,0.000%,.12879,0.08,0.06
/images/hpe-flag.png-291,20,381,373,452,510,513,274,513,0.000%,.12882,0.12,0.06
/css/fonts/hpe-icons.woff-288,20,1904,437,4901,4910,15446,331,15446,0.000%,.12886,4.31,0.06
/css/hpe_fonts/MetricWeb-Light.woff-289,20,2453,542,3030,11771,20515,319,20515,0.000%,.13276,5.78,0.07
/recommendation-292,20,1565,908,4251,4850,5057,359,5057,0.000%,.13390,2.35,0.08
/css/customSlider.css-296,20,643,332,469,1375,5286,254,5286,0.000%,.13524,0.18,0.06
/css/jquery-ui.css-295,20,1115,398,861,1202,13653,274,13653,0.000%,.13625,1.28,0.06
/css/hpe_fonts/MetricWeb-Medium.woff-290,20,2155,620,2968,10975,13510,322,13510,5.000%,.13707,5.29,0.06
/css/bootstrapslider.css-294,20,773,396,922,1702,6131,273,6131,0.000%,.13871,0.38,0.06
/js/jquery-ui.min.js-297,20,3377,648,8776,16659,23659,392,23659,10.000%,.13873,9.22,0.05
/css/bootstrap/bootstrap.min.css-293,20,1386,425,4602,6127,6574,291,6574,0.000%,.14737,3.19,0.07
/js/validation.js-302,20,636,406,653,844,4961,261,4961,0.000%,.15073,0.19,0.07
/js/customSlider.js-304,20,491,418,791,1017,1100,276,1100,0.000%,.15625,0.34,0.07
/js/bootstrap/bootstrap.min.js-299,20,651,399,1038,2137,2382,278,2382,0.000%,.15687,2.16,0.07
/images/hpe-logo-white.png-301,20,405,396,570,581,596,254,596,0.000%,.15953,0.29,0.08
/js/recommendation.js-303,20,777,421,474,3736,4900,276,4900,0.000%,.15973,1.23,0.07
/css/lib-3b502e9f21.css-300,20,2455,680,5640,8142,23774,352,23774,0.000%,.16415,7.82,0.07
/js/jquery.min.js-308,20,1183,546,1636,2491,9669,323,9669,0.000%,.20328,6.65,0.09
/images/HPE%20SSD%20Portfolio%20Alignment.jpg-305,20,5906,1499,28315,31091,34595,668,34595,15.000%,.21529,47.66,0.09
/js/config.js-310,20,1265,300,5984,5985,6070,267,6070,0.000%,.34138,0.22,0.15
/api/result_api.php-312,20,1054,487,2606,2682,5083,329,5083,0.000%,.37439,3.85,0.34
/images/hpe-flag.png-315,20,411,285,810,966,1075,255,1075,0.000%,.37786,0.36,0.18
/api/server_model_api.php?sid=5-313,20,1619,771,2738,4858,5243,310,5243,0.000%,.38243,0.20,0.23
/css/fonts/hpe-icons.woff-311,20,507,381,812,827,982,319,982,0.000%,.38552,12.89,0.19
/api/get_server_compatibility_api.php-317,20,766,427,2168,2169,2455,301,2455,0.000%,.37857,0.26,0.27
/api/get_server_compatibility_api.php-316,20,718,341,2433,2775,2807,308,2807,0.000%,.38055,0.22,0.26
/api/get_max_values_api.php-314,20,627,370,779,2174,3023,311,3023,0.000%,.38248,0.23,0.35
/api/get_server_compatibility_api.php-321,20,848,474,2178,2499,3050,315,3050,0.000%,.38296,0.26,0.27
/api/get_server_compatibility_api.php-322,20,947,477,2761,3028,3030,321,3030,0.000%,.38409,0.26,0.27
/api/get_server_compatibility_api.php-318,20,432,368,498,529,1341,319,1341,0.000%,.38473,0.26,0.27
/api/get_server_compatibility_api.php-319,20,714,423,540,1562,5034,329,5034,0.000%,.37646,0.24,0.26
/api/get_server_compatibility_api.php-320,20,380,348,455,503,559,321,559,0.000%,.37688,0.26,0.27
/api/get_server_compatibility_api.php-327,20,476,357,561,581,1921,333,1921,0.000%,.37735,0.26,0.27
/api/get_server_compatibility_api.php-329,20,703,355,1654,1682,2988,331,2988,0.000%,.37734,0.26,0.27
/api/get_server_compatibility_api.php-323,20,710,400,1321,1991,3003,327,3003,0.000%,.36603,0.25,0.26
/api/get_server_compatibility_api.php-325,20,768,428,2331,2685,3001,319,3001,0.000%,.36635,0.25,0.26
/api/get_server_compatibility_api.php-330,20,552,383,560,562,2954,324,2954,0.000%,.36529,0.25,0.26
/api/get_server_compatibility_api.php-331,20,746,367,794,1881,5039,310,5039,0.000%,.36485,0.25,0.26
/api/get_server_compatibility_api.php-326,20,694,371,1626,1671,2400,325,2400,0.000%,.35731,0.20,0.24
/api/get_server_compatibility_api.php-332,20,911,375,2610,2661,2997,307,2997,0.000%,.34186,0.23,0.24
/api/get_server_compatibility_api.php-334,20,993,361,2547,2556,5047,325,5047,0.000%,.34242,0.22,0.24
/api/get_server_compatibility_api.php-333,20,1089,359,2686,2964,5086,317,5086,0.000%,.33044,0.21,0.23
/api/get_server_compatibility_api.php-336,20,817,359,2388,2438,2965,311,2965,0.000%,.33288,0.23,0.23
/api/get_server_compatibility_api.php-337,20,751,345,2344,2662,3016,314,3016,0.000%,.33371,0.23,0.24
/api/get_server_compatibility_api.php-339,20,689,350,1691,2434,2610,324,2610,0.000%,.33454,0.23,0.24
/api/get_server_compatibility_api.php-338,20,844,357,1981,2269,3021,302,3021,0.000%,.32659,0.22,0.23
/api/get_server_compatibility_api.php-335,20,971,416,2377,3011,5133,324,5133,0.000%,.32721,0.22,0.23
/api/get_server_compatibility_api.php-342,20,765,371,1544,2102,5129,320,5129,0.000%,.32834,0.23,0.23
/api/get_server_compatibility_api.php-341,20,462,332,392,526,2616,315,2616,0.000%,.32953,0.23,0.23
/api/get_server_compatibility_api.php-343,20,707,336,656,2058,5246,326,5246,0.000%,.32959,0.23,0.23
/api/get_server_compatibility_api.php-346,20,628,354,1670,1716,3015,318,3015,0.000%,.33135,0.23,0.23
/api/get_server_compatibility_api.php-348,20,935,382,2018,2836,5045,320,5045,0.000%,.32708,0.22,0.23
/api/get_server_compatibility_api.php-349,20,658,355,1259,2439,3006,317,3006,0.000%,.32722,0.22,0.23
/api/get_server_compatibility_api.php-352,20,782,355,1658,3000,3021,322,3021,0.000%,.32712,0.22,0.23
/api/get_server_compatibility_api.php-340,20,769,386,1567,2251,5045,311,5045,0.000%,.32715,0.22,0.23
/api/get_server_compatibility_api.php-353,20,927,353,2579,2991,3021,318,3021,0.000%,.31868,0.22,0.22
/api/get_server_compatibility_api.php-356,20,1163,806,2794,2972,2980,325,2980,0.000%,.33016,0.23,0.23
/api/get_server_compatibility_api.php-358,20,1010,351,2996,3010,3077,315,3077,0.000%,.34402,0.24,0.24
/api/get_server_compatibility_api.php-357,20,923,376,2618,2972,2972,326,2972,0.000%,.34364,0.24,0.24
/api/get_server_compatibility_api.php-362,20,885,367,2005,2338,2631,298,2631,0.000%,.33462,0.23,0.24
/api/get_server_compatibility_api.php-347,20,781,382,2613,2701,2950,312,2950,0.000%,.33070,0.23,0.23
/api/get_server_compatibility_api.php-360,20,1061,363,2683,2950,3018,322,3018,0.000%,.33081,0.23,0.23
/api/get_server_compatibility_api.php-363,20,727,346,1664,2611,3023,310,3023,0.000%,.33063,0.23,0.23
/api/get_server_compatibility_api.php-366,20,1040,349,2684,2720,3010,315,3010,0.000%,.33101,0.23,0.23
/api/get_server_compatibility_api.php-368,20,772,347,1231,2987,3015,315,3015,0.000%,.32947,0.23,0.23
/api/get_server_compatibility_api.php-367,20,855,354,2648,2990,3008,317,3008,0.000%,.33069,0.23,0.23
/api/get_server_compatibility_api.php-364,20,733,344,2038,2161,2695,324,2695,0.000%,.33075,0.23,0.23
/api/get_server_compatibility_api.php-371,20,477,345,406,1224,2065,314,2065,0.000%,.33079,0.23,0.23
/api/get_server_compatibility_api.php-370,20,752,360,2065,2352,2610,313,2610,0.000%,.33079,0.23,0.23
/api/get_server_compatibility_api.php-373,20,864,390,1943,2075,2333,314,2333,0.000%,.32261,0.22,0.23
/api/get_server_compatibility_api.php-374,20,565,349,1139,1710,2555,314,2555,0.000%,.32312,0.22,0.23
/api/get_server_compatibility_api.php-375,20,855,347,2020,2983,5299,323,5299,0.000%,.32358,0.22,0.23
/api/get_server_compatibility_api.php-365,20,1036,377,2279,3022,3049,319,3049,0.000%,.32408,0.22,0.23
/api/get_server_compatibility_api.php-378,20,726,341,2037,2341,2962,314,2962,0.000%,.31645,0.22,0.22
/api/get_server_compatibility_api.php-377,20,796,346,1913,2669,2721,322,2721,0.000%,.31650,0.22,0.22
/api/get_server_compatibility_api.php-379,20,580,340,1230,1445,1554,305,1554,0.000%,.32887,0.23,0.23
/api/get_server_compatibility_api.php-380,20,973,347,2170,2672,3001,312,3001,0.000%,.32843,0.23,0.23
/api/get_server_compatibility_api.php-369,20,1224,406,2977,3037,5232,324,5232,0.000%,.32826,0.23,0.23
/api/get_server_compatibility_api.php-383,20,669,355,1271,1708,3027,312,3027,0.000%,.35679,0.24,0.25
/api/get_server_compatibility_api.php-382,20,803,396,1999,2067,2099,326,2099,0.000%,.36909,0.25,0.26
/api/get_server_compatibility_api.php-384,20,604,349,1724,1973,2351,323,2351,0.000%,.36943,0.25,0.26
/api/get_server_compatibility_api.php-381,20,633,355,1212,1960,2683,317,2683,0.000%,.36921,0.25,0.26
/api/get_server_compatibility_api.php-386,20,807,359,1953,2286,2990,309,2990,0.000%,.35632,0.23,0.25
/api/get_server_compatibility_api.php-387,20,796,345,1942,2986,3032,310,3032,0.000%,.35618,0.23,0.25
/api/get_server_compatibility_api.php-385,20,783,347,1942,2329,2976,315,2976,0.000%,.35601,0.23,0.25
/api/get_server_compatibility_api.php-388,20,742,339,1575,2334,3010,317,3010,0.000%,.36198,0.25,0.26
/api/get_server_compatibility_api.php-389,20,791,343,1916,1934,2325,310,2325,0.000%,.35185,0.24,0.25
/api/get_server_compatibility_api.php-392,20,694,341,2047,2107,2721,308,2721,0.000%,.35206,0.24,0.25
/api/get_server_compatibility_api.php-391,20,645,350,1667,1953,2329,314,2329,0.000%,.35195,0.24,0.25
/api/get_server_compatibility_api.php-376,20,1001,351,2603,2889,3017,328,3017,0.000%,.35177,0.24,0.25
/api/get_max_values_api.php-393,20,817,350,1949,1964,2956,311,2956,0.000%,.35253,0.21,0.32
/api/get_server_compatibility_api.php-390,20,514,340,410,1027,2982,316,2982,0.000%,.35794,0.25,0.25
/images/SFF%20SATA.jpg-396,20,398,341,619,641,644,294,644,0.000%,.37600,7.95,0.18
/api/result_api.php-394,20,799,527,1766,1793,2401,376,2401,0.000%,.37078,11.93,0.33
/images/-395,20,285,283,299,300,339,269,339,100.000%,.37169,0.13,0.18
/api/get_server_compatibility_api.php-400,20,815,345,1422,1867,1969,309,1969,0.000%,.37133,0.21,0.25
/api/get_server_compatibility_api.php-398,20,637,331,1065,2967,3028,308,3028,0.000%,.38300,0.22,0.26
/api/get_server_compatibility_api.php-401,20,776,348,1939,1992,2720,313,2720,0.000%,.38297,0.22,0.26
/images/LFF%20SATA.jpg-397,20,446,335,429,466,2394,282,2394,0.000%,.38332,9.25,0.19
/api/get_server_compatibility_api.php-399,20,1029,528,1982,2330,2383,322,2383,0.000%,.39114,0.22,0.27
/api/get_server_compatibility_api.php-402,20,703,342,2296,2304,2324,323,2324,0.000%,.39106,0.22,0.27
/api/get_server_compatibility_api.php-404,20,587,343,1016,1904,2649,324,2649,0.000%,.37420,0.21,0.26
/api/get_server_compatibility_api.php-403,20,665,363,1236,2274,2284,320,2284,0.000%,.37329,0.21,0.26
/api/get_server_compatibility_api.php-406,20,864,358,1947,1960,3029,319,3029,0.000%,.37338,0.21,0.26
/api/get_server_compatibility_api.php-405,20,641,351,1728,1937,1977,315,1977,0.000%,.38196,0.22,0.26
/api/get_server_compatibility_api.php-407,20,627,360,1196,1853,2629,315,2629,0.000%,.37131,0.21,0.25
/api/get_server_compatibility_api.php-408,20,650,350,1927,1934,1989,311,1989,0.000%,.37133,0.21,0.25
/api/get_server_compatibility_api.php-410,20,448,347,434,997,1629,310,1629,0.000%,.37109,0.21,0.25
/api/get_server_compatibility_api.php-409,20,576,336,1689,1770,2277,319,2277,0.000%,.37122,0.25,0.26
/api/get_server_compatibility_api.php-412,20,698,349,1286,1958,1972,324,1972,0.000%,.36938,0.25,0.26
/api/get_server_compatibility_api.php-414,20,729,347,1363,1891,3019,313,3019,0.000%,.37012,0.25,0.26
/api/get_server_compatibility_api.php-415,20,673,351,1929,1940,2032,321,2032,0.000%,.37129,0.21,0.25
/api/get_server_compatibility_api.php-413,20,746,338,2282,2643,2675,320,2675,0.000%,.37207,0.26,0.26
/api/get_server_compatibility_api.php-411,20,444,335,705,971,1207,317,1207,0.000%,.37218,0.26,0.26
/api/get_server_compatibility_api.php-416,20,866,353,1946,1981,3011,312,3011,0.000%,.37847,0.24,0.26
/api/get_server_compatibility_api.php-417,20,559,342,1607,1632,1981,319,1981,0.000%,.39864,0.23,0.27
/api/get_server_compatibility_api.php-418,20,578,349,1030,1962,2670,312,2670,0.000%,.39845,0.23,0.27
/api/get_server_compatibility_api.php-419,20,843,363,2291,2319,2664,323,2664,0.000%,.39841,0.23,0.27
/api/get_server_compatibility_api.php-422,20,457,329,970,1126,1314,316,1314,0.000%,.41477,0.24,0.28
/api/get_server_compatibility_api.php-421,20,756,348,1644,1684,2283,324,2283,0.000%,.41477,0.24,0.28
/api/get_server_compatibility_api.php-420,20,478,343,432,978,2292,315,2292,0.000%,.41539,0.24,0.28
/api/get_server_compatibility_api.php-423,20,790,353,1885,1957,2656,319,2656,0.000%,.41545,0.24,0.28
/api/get_server_compatibility_api.php-425,20,542,341,651,1984,2342,320,2342,0.000%,.42978,0.25,0.29
/api/get_server_compatibility_api.php-427,20,486,349,910,1207,1731,316,1731,0.000%,.42970,0.25,0.29
/api/get_server_compatibility_api.php-424,20,635,349,1590,1763,2249,313,2249,0.000%,.42959,0.25,0.29
/api/get_server_compatibility_api.php-428,20,371,343,416,532,637,321,637,0.000%,.43003,0.25,0.29
/api/get_server_compatibility_api.php-430,20,813,350,1632,1922,2637,306,2637,0.000%,.43010,0.25,0.29
/api/get_server_compatibility_api.php-429,20,671,338,1925,1991,2045,324,2045,0.000%,.43013,0.25,0.29
/api/get_server_compatibility_api.php-432,20,490,333,964,1233,1913,318,1913,0.000%,.43017,0.25,0.29
/api/get_server_compatibility_api.php-433,20,592,343,1633,1805,2361,312,2361,0.000%,.43617,0.25,0.30
/api/get_server_compatibility_api.php-434,20,517,334,532,1870,2132,317,2132,0.000%,.43608,0.25,0.30
/api/get_server_compatibility_api.php-431,20,751,339,1899,2085,2562,313,2562,0.000%,.43599,0.25,0.30
/api/get_server_compatibility_api.php-435,20,709,338,1629,1887,2028,313,2028,0.000%,.43598,0.25,0.30
/api/get_server_compatibility_api.php-438,20,465,347,709,1322,1359,311,1359,0.000%,.44279,0.25,0.30
/api/get_server_compatibility_api.php-436,20,750,342,2270,2683,3012,317,3012,0.000%,.41835,0.24,0.29
/api/get_server_compatibility_api.php-439,20,460,346,465,1331,1604,320,1604,0.000%,.41822,0.24,0.29
/api/get_server_compatibility_api.php-437,20,335,335,351,352,361,308,361,0.000%,.41840,0.24,0.29
/api/get_server_compatibility_api.php-442,20,883,347,1723,1984,2339,319,2339,0.000%,.41817,0.24,0.29
/api/get_server_compatibility_api.php-440,20,480,347,1004,1321,1350,312,1350,0.000%,.42964,0.25,0.29
/api/get_server_compatibility_api.php-441,20,525,341,541,1544,2674,318,2674,0.000%,.43581,0.25,0.30
/api/get_server_compatibility_api.php-443,20,730,348,1668,2276,2695,318,2695,0.000%,.42713,0.24,0.29
/api/get_server_compatibility_api.php-449,20,541,338,1333,1869,1879,310,1879,0.000%,.42709,0.24,0.29
/api/get_server_compatibility_api.php-448,20,691,341,1819,1919,2641,325,2641,0.000%,.42715,0.24,0.29
/api/get_server_compatibility_api.php-452,20,547,351,1312,1626,1826,311,1826,0.000%,.43004,0.25,0.29
/api/get_server_compatibility_api.php-450,20,510,345,395,1981,1997,305,1997,0.000%,.41564,0.24,0.28
/api/get_server_compatibility_api.php-447,20,535,335,394,1921,2670,316,2670,0.000%,.41554,0.24,0.28
/api/get_server_compatibility_api.php-453,20,678,340,1664,1759,1983,310,1983,0.000%,.41507,0.24,0.28
/api/get_server_compatibility_api.php-455,20,353,338,360,409,576,317,576,0.000%,.41437,0.24,0.28
/api/get_server_compatibility_api.php-454,20,656,349,1626,1739,2648,324,2648,0.000%,.41421,0.24,0.28
/api/get_server_compatibility_api.php-457,20,488,334,980,1326,1519,309,1519,0.000%,.42560,0.24,0.29
/api/get_server_compatibility_api.php-456,20,616,341,1547,1966,3000,319,3000,0.000%,.42597,0.24,0.29
/api/get_server_compatibility_api.php-458,20,616,341,1911,2296,2347,312,2347,0.000%,.42637,0.24,0.29
/api/get_server_compatibility_api.php-451,20,488,336,976,1189,1305,324,1305,0.000%,.44224,0.25,0.30
/api/get_server_compatibility_api.php-460,20,604,345,1574,1925,2773,315,2773,0.000%,.44212,0.25,0.30
/api/get_server_compatibility_api.php-461,20,467,340,556,1020,1944,312,1944,0.000%,.44233,0.25,0.30
/api/get_server_compatibility_api.php-462,20,590,338,1033,1378,2977,299,2977,0.000%,.44313,0.25,0.30
/api/get_server_compatibility_api.php-463,20,665,342,1797,1863,3009,309,3009,0.000%,.44312,0.25,0.30
/api/get_server_compatibility_api.php-464,20,389,334,353,559,1203,319,1203,0.000%,.44364,0.25,0.30
/api/get_server_compatibility_api.php-465,20,587,334,1346,1419,2366,309,2366,0.000%,.45227,0.26,0.31
/api/get_server_compatibility_api.php-466,20,442,342,467,1212,1346,311,1346,0.000%,.45238,0.31,0.32
/api/get_server_compatibility_api.php-468,20,851,340,2654,2680,3007,315,3007,0.000%,.45012,0.26,0.31
/api/get_server_compatibility_api.php-470,20,639,346,1375,1588,1908,327,1908,0.000%,.45059,0.26,0.31
/api/get_server_compatibility_api.php-459,20,491,335,371,1244,2530,314,2530,0.000%,.46725,0.27,0.32
/api/get_server_compatibility_api.php-469,20,634,342,1559,2651,2656,307,2656,0.000%,.46738,0.27,0.32
/api/get_server_compatibility_api.php-472,20,417,336,354,467,1824,314,1824,0.000%,.46746,0.27,0.32
/api/get_server_compatibility_api.php-467,20,641,337,1645,2010,2298,309,2298,0.000%,.46760,0.32,0.33
/api/get_server_compatibility_api.php-473,20,548,339,1238,1630,2383,314,2383,0.000%,.46756,0.27,0.32
/api/get_server_compatibility_api.php-471,20,499,336,360,1307,2674,307,2674,0.000%,.48232,0.28,0.33
/api/get_server_compatibility_api.php-474,20,773,357,1798,1962,3659,317,3659,0.000%,.44662,0.26,0.31
/api/get_server_compatibility_api.php-475,20,627,343,1256,2304,2988,311,2988,0.000%,.44643,0.26,0.31
/api/get_server_compatibility_api.php-476,20,338,335,357,369,385,310,385,0.000%,.44612,0.26,0.31
/api/get_server_compatibility_api.php-478,20,538,340,1354,1805,1856,313,1856,0.000%,.44595,0.26,0.31
/api/get_server_compatibility_api.php-477,20,697,330,1655,2330,2986,307,2986,0.000%,.44609,0.26,0.31
/api/get_server_compatibility_api.php-480,20,372,336,352,376,1089,308,1089,0.000%,.45654,0.26,0.31
/api/get_server_compatibility_api.php-481,20,526,340,360,1794,2671,308,2671,0.000%,.45652,0.31,0.32
/api/get_server_compatibility_api.php-482,20,545,334,913,1250,2676,321,2676,0.000%,.45064,0.26,0.31
/api/get_server_compatibility_api.php-483,20,434,331,383,1340,1358,317,1358,0.000%,.45055,0.26,0.31
/api/get_server_compatibility_api.php-485,20,687,337,1639,2987,3004,328,3004,0.000%,.45015,0.31,0.32
/api/get_server_compatibility_api.php-484,20,385,342,353,362,1304,316,1304,0.000%,.46346,0.27,0.32
/api/get_server_compatibility_api.php-488,20,533,337,352,2037,2677,305,2677,0.000%,.46345,0.27,0.32
/api/get_server_compatibility_api.php-486,20,353,340,352,475,547,312,547,0.000%,.48992,0.34,0.34
/api/get_server_compatibility_api.php-479,20,384,337,350,357,1310,317,1310,0.000%,.49152,0.34,0.35
/api/get_server_compatibility_api.php-487,20,472,341,578,1018,2010,305,2010,0.000%,.49147,0.28,0.34
/api/get_server_compatibility_api.php-492,20,633,333,1277,1846,2970,318,2970,0.000%,.49185,0.28,0.34
/api/get_server_compatibility_api.php-491,20,335,333,348,351,353,324,353,0.000%,.51067,0.29,0.35
/api/get_server_compatibility_api.php-493,20,530,337,664,1909,2051,313,2051,0.000%,.51050,0.29,0.35
/api/get_server_compatibility_api.php-495,20,629,339,1243,2352,3037,313,3037,0.000%,.51059,0.35,0.36
/api/get_server_compatibility_api.php-494,20,682,342,1990,2024,3848,319,3848,0.000%,.53831,0.31,0.37
/api/get_server_compatibility_api.php-489,20,339,338,354,356,368,316,368,0.000%,.53855,0.31,0.37
/api/get_server_compatibility_api.php-496,20,381,336,351,357,1267,308,1267,0.000%,.53866,0.31,0.37
/api/get_server_compatibility_api.php-490,20,469,337,663,1229,1419,307,1419,0.000%,.53875,0.31,0.37
/api/get_server_compatibility_api.php-500,20,702,336,1210,3000,3038,311,3038,0.000%,.53874,0.37,0.38
/api/get_server_compatibility_api.php-498,20,467,333,345,365,3041,311,3041,0.000%,.53866,0.37,0.38
/api/get_server_compatibility_api.php-499,20,649,335,1021,2022,3675,316,3675,0.000%,.53853,0.37,0.38
/api/get_server_compatibility_api.php-501,20,531,335,391,1042,3571,303,3571,0.000%,.53843,0.37,0.38
/api/get_server_compatibility_api.php-502,20,564,338,521,2018,2987,324,2987,0.000%,.53804,0.37,0.38
/api/get_server_compatibility_api.php-497,20,382,331,369,408,1243,316,1243,0.000%,.53749,0.31,0.37
/api/get_server_compatibility_api.php-504,20,399,344,372,657,1244,305,1244,0.000%,.53711,0.31,0.37
/api/get_server_compatibility_api.php-507,20,684,335,1422,2670,3027,309,3027,0.000%,.53709,0.31,0.37
/api/get_server_compatibility_api.php-503,20,362,332,356,366,891,319,891,0.000%,.53717,0.31,0.37
/api/get_server_compatibility_api.php-508,20,496,332,917,1032,2329,315,2329,0.000%,.53720,0.31,0.37
/api/get_server_compatibility_api.php-506,20,510,326,347,1318,2994,314,2994,0.000%,.53727,0.31,0.37
/api/get_server_compatibility_api.php-511,20,451,332,369,926,2031,318,2031,0.000%,.53688,0.31,0.37
/api/get_server_compatibility_api.php-512,20,344,332,359,409,525,309,525,0.000%,.53664,0.31,0.37
/api/get_server_compatibility_api.php-510,20,381,336,367,367,1244,311,1244,0.000%,.53680,0.31,0.37
/api/get_server_compatibility_api.php-509,20,493,341,937,1117,2065,311,2065,0.000%,.53642,0.31,0.37
/api/get_server_compatibility_api.php-513,20,680,344,1129,2991,3390,322,3390,0.000%,.53665,0.31,0.37
/api/get_server_compatibility_api.php-516,20,568,334,352,2289,3036,318,3036,0.000%,.53661,0.31,0.37
/api/get_server_compatibility_api.php-514,20,351,341,358,412,497,313,497,0.000%,.53671,0.31,0.37
/api/get_server_compatibility_api.php-518,20,341,340,366,369,370,311,370,0.000%,.53681,0.31,0.37
/api/get_server_compatibility_api.php-520,20,470,334,416,1343,1988,313,1988,0.000%,.53693,0.31,0.37
/api/get_server_compatibility_api.php-505,20,481,335,356,601,2985,311,2985,0.000%,.55195,0.32,0.38
/api/get_server_compatibility_api.php-517,20,537,333,366,1284,3449,313,3449,0.000%,.59554,0.34,0.41
/api/get_server_compatibility_api.php-521,20,652,336,427,3440,3570,309,3570,0.000%,.59577,0.34,0.41
/api/get_server_compatibility_api.php-523,20,378,341,356,617,868,316,868,0.000%,.59568,0.34,0.41
/api/get_server_compatibility_api.php-524,20,342,331,345,350,537,320,537,0.000%,.59595,0.34,0.41
/api/get_server_compatibility_api.php-522,20,434,332,377,602,2008,319,2008,0.000%,.59593,0.34,0.41
/api/get_server_compatibility_api.php-526,20,378,333,348,383,1251,304,1251,0.000%,.59630,0.41,0.42
/api/get_server_compatibility_api.php-525,20,339,339,353,359,367,320,367,0.000%,.61291,0.35,0.42
/api/get_server_compatibility_api.php-527,20,698,337,941,3575,3657,309,3657,0.000%,.61310,0.42,0.43
/api/get_server_compatibility_api.php-528,20,496,343,912,955,2304,316,2304,0.000%,.61346,0.39,0.43
/api/get_server_compatibility_api.php-529,20,339,333,358,359,376,315,376,0.000%,.65255,0.42,0.45
/api/get_server_compatibility_api.php-530,20,337,332,367,369,372,310,372,0.000%,.65208,0.45,0.46
/api/get_server_compatibility_api.php-534,20,349,327,361,428,606,312,606,0.000%,.65306,0.45,0.46
/api/get_server_compatibility_api.php-532,20,504,339,365,375,3595,319,3595,0.000%,.65499,0.45,0.46
/api/get_server_compatibility_api.php-536,20,336,332,350,352,380,308,380,0.000%,.65574,0.45,0.46
/api/get_server_compatibility_api.php-519,20,393,332,381,894,934,311,934,0.000%,.65520,0.38,0.45
/api/get_server_compatibility_api.php-535,20,346,333,344,356,582,321,582,0.000%,.65496,0.45,0.46
/api/get_server_compatibility_api.php-538,20,353,336,373,512,537,311,537,0.000%,.65473,0.38,0.45
/api/get_server_compatibility_api.php-537,20,489,335,356,361,3377,319,3377,0.000%,.65933,0.45,0.46
/api/get_server_compatibility_api.php-540,20,336,334,350,358,371,311,371,0.000%,.65994,0.45,0.47
/api/get_server_compatibility_api.php-539,20,542,332,657,881,3681,321,3681,0.000%,.65994,0.45,0.47
/api/get_server_compatibility_api.php-531,20,468,333,355,356,3016,315,3016,0.000%,.66011,0.45,0.46
/api/get_server_compatibility_api.php-541,20,349,340,357,364,576,313,576,0.000%,.66000,0.45,0.47
/api/get_server_compatibility_api.php-324,20,332,331,350,351,353,310,353,0.000%,.66057,0.42,0.46
/api/get_server_compatibility_api.php-328,20,335,338,348,350,358,310,358,0.000%,.66070,0.38,0.45
TOTAL,6320,1537,363,2872,5232,18665,254,311057,0.633%,12.53230,119.89,7.84
